asin,title,brand,marketplace,ean,model_number,upc,gtin,price,url,scrape_error
B07V8RJLHL,Renogy Battery Monitor Voltmeter & Ammeter Black,Renogy,au,0810009713197,RBM500-G1-JP-FBA,810009713197,,$72.72,https://www.amazon.com.au/dp/B07V8RJLHL,
B0C3VRVSKF,"Renogy 12V 50A DCC MPPT Running Charger with Lifepo4 Built-in Solar Charging Mode, Supports AGM Battery, High Efficiency 3 Stage Charger for Camper or Van [New Upgrade]",Renogy,au,0840315211247,12V 50A DC-DC バッテリー充電器,840315211247,,$210.36,https://www.amazon.com.au/dp/B0C3VRVSKF,
B0BRSLB7KD,"RENOGY PWM Multi-Functional Solar Charge Controller, 10A, 12V 24V, USB 5V Output, for Solar Power Generation, Japanese Instruction Manual Included (English Language Not Guaranteed)",Renogy,au,0810009711629,RNG-CTRL-WND10,810009711629,,$40.25,https://www.amazon.com.au/dp/B0BRSLB7KD,
B0833MDNHJ,"RENOGY 20A MPPT Charge Controller Set (with BT2 Module), LCD Screen Included, Solar Power Generation, Disaster Prevention, Power Outage, Disaster Preparedness Spare Parts, Overnight in Car, Boat,",Renogy,au,0810009714217,RNG-CTRL-RVR20-BT-JP-FBA,810009714217,,$139.77,https://www.amazon.com.au/dp/B0833MDNHJ,
B07MMQ25VX,Renogy Solar Panel Mount (Multi-Mount) for Large Solar Power Generation,Renogy,au,0810009710929,RNG-MTS-TM100-JP-FBA,810009710929,,$61.62,https://www.amazon.com.au/dp/B07MMQ25VX,
B0FXF551ZK,"Renogy Solar Panels, E.Flex 30W Portable Foldable Solar Panel Charger, Quick Charge for iPhone, iPad, Laptop, Power Bank with USB-C/USB-A/DC Ports, Lightweight IP67 Device for Camping, Hiking",Renogy,au,0840315250468,RPP200EF-SE,840315250468,,$250.56,https://www.amazon.com.au/dp/B0FXF551ZK,
B00YG1DY20,"Renogy 10A Male and Female Connector Waterproof in-Line Fuse Holder, Black",Renogy,au,,10A,816360022107791810323624,,$46.72,https://www.amazon.com.au/dp/B00YG1DY20,EAN not found on product page
B08Z38YDCK,"Renogy 30A MPPT Charge Controller with Bluetooth, 30 Amp 12V/24V MPPT Solar Charge Controller Auto Parameter Adjustable LCD Display Solar Panel Regulator for Gel Sealed Flooded and Lithium Battery",Renogy,au,0810009718703,RNG-CTRL-RVR30-BT,810009718703,,$212.97,https://www.amazon.com.au/dp/B08Z38YDCK,
B09WYB8XH7,Renogy Tech EDC(Multi-tool) cable,Renogy,au,0810081409025,RET-0MC01,810081409025,,$36.34,https://www.amazon.com.au/dp/B09WYB8XH7,
